id;nome;descricao;comprimento;avaliacao;data_hora
1;Identity;Frozen Knoll;63746;Games;Sleek Spur JSON
2;haptic Avon;Architect SAS and;98446;plum;transmitter deposit action-items
3;monitor;Toys even-keeled;96262;JSON Won;deposit neural JSON
4;interactive model;Rubber Tools deposit;44036;Executive Dram;Orchestrator
5;Georgia quantify;Mill Alabama;98165;Chair support panel;overriding feed
6;Function-based Facilitator program;International redundant Fresh;88133;matrix Malaysian;PCI Awesome
7;Creative;Sausages Human extend;27938;cyan monitor vortals;invoice overriding
8;Principal;Sudanese haptic Plastic;45305;firewall;payment
9;Berkshire solid payment;orchid;31531;Concrete Orchestrator;Colorado
10;Hat;Soft Pound up;39759;GB implement solid;redundant
