id;nome;descricao;autor;avaliacao
1;Metrics;bypass;Hat;2968
2;Escudo;group Avon;Branding navigate Global;72779
3;firmware magenta;Market;Industrial Account;58293
4;Euro Vermont Legacy;Ball Lead Franc;administration plum;46302
5;Barbados transitional;seamless solutions;Summit Cotton;50220
6;cross-platform;Money Ranch Dollar;expedite backing Small;80775
7;Cheese;Mayotte South THX;Balboa Frozen generate;80536
8;Tools Gloves;Gloves Investor;Bedfordshire Persistent Consultant;29809
9;Chips synthesize Grenada;Refined card;Prairie hardware;36969
10;Shoes Bedfordshire North;Buckinghamshire;Berkshire e-commerce Jewelery;36610
