id;email;nome;senha
1;Jefferey_Reinger87@yahoo.com;Gorgeous Soft synthesize;Kids
2;Rafaela73@hotmail.com;iterate;Leone Dakota
3;Kylie_Parisian43@gmail.com;program Rustic;Berkshire user-centric Wooden
4;Jerome.OConnell77@hotmail.com;cross-platform Automotive Run;PCI Rial Towels
5;Fleta.Little@yahoo.com;microchip;connect interactive secured
6;Leonardo.Renner9@yahoo.com;Frozen protocol payment;up
7;Celia_Feest@gmail.com;auxiliary Human;Romania
8;Melyssa_Boehm@yahoo.com;Investment reciprocal;open-source Refined
9;Jazmyn.Block66@hotmail.com;Kids concept hack;Alabama
10;Bonnie9@yahoo.com;connect customized;withdrawal Ways
